id,name,gender
1,Suzanna,Female
2,Ameline,Female
3,Bax,Male
4,Micah,Male
5,Lukas,Male
6,Lucian,Male
7,Ardyth,Female
8,Orrin,Male
9,Rhea,Female
10,Whitney,Female
11,Moore,Male
12,Gillan,Female
13,Vergil,Male
14,Natalya,Polygender
15,Ellene,Female
16,Sile,Agender
17,Ines,Female
18,Arturo,Male
19,Craig,Male
20,Elvera,Female
21,Charla,Female
22,Evy,Female
23,Obediah,Male
24,Herby,Male
25,Zak,Male
26,Shanta,Female
27,Cassius,Polygender
28,Robinett,Female
29,Ebeneser,Male
30,Odella,Female
31,Euell,Male
32,Irma,Female
33,Celinka,Female
34,Ody,Male
35,Zachariah,Male
36,Morganica,Agender
37,Florinda,Female
38,Netti,Female
39,Ricky,Female
40,Jonah,Male
41,Earvin,Male
42,Graeme,Male
43,Ignace,Male
44,Beaufort,Male
45,Jobie,Female
46,Gerhard,Male
47,Isaac,Male
48,Shandie,Female
49,Ellen,Female
50,Dominic,Genderfluid
51,Todd,Male
52,Olenolin,Male
53,Bettine,Female
54,Annmaria,Female
55,Broddie,Male
56,Trix,Female
57,Tanya,Female
58,Thibaud,Male
59,Katerine,Female
60,Rozella,Female
61,Delores,Female
62,Kalindi,Female
63,Karita,Female
64,Diena,Female
65,Vinnie,Male
66,Ursola,Polygender
67,Hiram,Male
68,Roley,Male
69,Charlene,Female
70,Shandie,Female
71,Letti,Female
72,Karlis,Male
73,Kingsley,Male
74,Gal,Male
75,Moina,Female
76,Tallie,Female
77,Lucius,Male
78,Sunny,Female
79,Lesley,Male
80,Demetris,Male
81,Meghan,Female
82,Abigail,Female
83,Jeri,Female
84,Rhetta,Female
85,Helenka,Female
86,Gerrie,Male
87,Vick,Male
88,Emma,Female
89,Eldon,Male
90,Lothario,Male
91,Neddie,Genderfluid
92,Erda,Female
93,Hyacinth,Female
94,Duane,Male
95,Gabriell,Female
96,Pet,Genderqueer
97,Missy,Agender
98,Charline,Female
99,Ashlin,Male
100,Bard,Male
101,Fidelity,Female
102,Eleanore,Female
103,Rafaello,Male
104,Maryanne,Female
105,Camila,Female
106,Ilario,Non-binary
107,Siegfried,Male
108,Garth,Male
109,Bail,Male
110,Joaquin,Male
111,Julius,Male
112,Doralia,Female
113,Shea,Female
114,Atlanta,Female
115,Tito,Male
116,Meyer,Male
117,Gerhard,Male
118,Dena,Genderqueer
119,Brynna,Female
120,Billie,Female
121,Berget,Female
122,Jo-ann,Female
123,Leigh,Male
124,Clarine,Female
125,Allie,Male
126,Shae,Female
127,Stafani,Female
128,Alaric,Male
129,Daniele,Female
130,Demetris,Male
131,Abby,Male
132,Dulcie,Female
133,Cammy,Male
134,Mariel,Bigender
135,Emmerich,Male
136,Germayne,Male
137,Phaidra,Female
138,Reidar,Male
139,Ingaborg,Female
140,Kate,Female
141,Mannie,Male
142,Giacopo,Male
143,Burlie,Male
144,Georges,Male
145,Westbrooke,Male
146,Bria,Female
147,Dari,Female
148,Giorgi,Male
149,Feliza,Female
150,Rayner,Male
151,Adelaide,Genderfluid
152,Cammy,Male
153,Kendricks,Male
154,Obadiah,Male
155,Arley,Male
156,Antonetta,Female
157,Teddi,Female
158,Claude,Female
159,Alberta,Female
160,Welch,Male
161,Aurie,Female
162,Aurie,Female
163,Dacy,Female
164,Cy,Male
165,Cherice,Polygender
166,Morlee,Male
167,Lancelot,Male
168,Dewitt,Male
169,Lisle,Male
170,Leopold,Male
171,Thornie,Male
172,Leann,Female
173,Willie,Female
174,Blithe,Female
175,Sheilah,Female
176,Brenna,Female
177,Galvan,Male
178,Padraic,Male
179,Cornie,Male
180,Lenette,Female
181,Munroe,Male
182,Aldwin,Genderqueer
183,Christoffer,Genderfluid
184,Lynna,Female
185,Flinn,Male
186,Shem,Male
187,Consuelo,Female
188,Toddie,Male
189,Sargent,Male
190,Sebastien,Male
191,Cherice,Female
192,Inigo,Male
193,Hewett,Male
194,Lezlie,Female
195,Tito,Male
196,Germaine,Female
197,Inger,Female
198,Hilarius,Male
199,Haily,Female
200,Norby,Male
201,Cal,Female
202,Mariel,Female
203,Marlo,Agender
204,Blinnie,Female
205,Moritz,Male
206,Martina,Female
207,Iolanthe,Female
208,Pauly,Male
209,Norine,Female
210,Ddene,Polygender
211,Ritchie,Male
212,Elayne,Female
213,Ronnie,Male
214,Lothario,Male
215,Honey,Female
216,Latashia,Female
217,Mandel,Male
218,Hagen,Male
219,Aluino,Male
220,Concettina,Female
221,Rab,Male
222,Syman,Male
223,Caye,Female
224,Myrwyn,Male
225,Alonzo,Male
226,Giselle,Female
227,Marillin,Female
228,Beryl,Female
229,Dian,Female
230,Dylan,Male
231,Forster,Male
232,Flossi,Female
233,Lurlene,Female
234,Erny,Male
235,Walton,Male
236,Kathryn,Female
237,Art,Genderqueer
238,Inness,Male
239,Tressa,Female
240,Davida,Female
241,Hurlee,Male
242,Denni,Female
243,Jakob,Male
244,Amelie,Female
245,Cesar,Male
246,Serene,Female
247,Claus,Male
248,Logan,Male
249,Toiboid,Male
250,Reggie,Male
251,Tomlin,Male
252,Rianon,Female
253,Sigmund,Male
254,Costanza,Female
255,Jeffrey,Male
256,Benny,Male
257,Netty,Female
258,Julienne,Non-binary
259,Mariann,Female
260,Eddie,Female
261,Christiano,Male
262,Loydie,Male
263,Tildie,Female
264,Samuel,Male
265,Odessa,Female
266,Augustina,Polygender
267,Alexei,Male
268,Delano,Male
269,Stanley,Male
270,Fernanda,Female
271,Catlee,Female
272,Lucilia,Female
273,Lizette,Female
274,Yardley,Male
275,Murdock,Male
276,Malvin,Male
277,Peggie,Female
278,Lana,Female
279,Phylys,Female
280,Emmalynne,Female
281,Carmen,Female
282,Waylan,Male
283,Levey,Male
284,Alfons,Male
285,Merrill,Male
286,Kerrie,Female
287,Storm,Bigender
288,Eden,Genderfluid
289,Karl,Male
290,Lorie,Female
291,Ludovico,Male
292,Ardyce,Female
293,Jodi,Male
294,Waldo,Male
295,Hamish,Male
296,Alys,Agender
297,Penelope,Female
298,Erica,Female
299,Alair,Male
300,Danette,Female
301,Talyah,Female
302,Vevay,Female
303,Aguie,Male
304,Chicky,Female
305,Nike,Female
306,Tomas,Male
307,Farrel,Male
308,Karie,Female
309,Morgen,Female
310,Kinsley,Male
311,Xymenes,Genderfluid
312,Roberto,Male
313,Jeni,Female
314,Venita,Female
315,Petronia,Female
316,Natalee,Agender
317,Simonne,Female
318,Tait,Male
319,Tabbie,Male
320,Pippy,Genderfluid
321,Kerk,Male
322,See,Agender
323,Kelsy,Female
324,Thia,Female
325,Sadye,Female
326,Annelise,Female
327,Deane,Female
328,Dermot,Male
329,Bale,Male
330,Ram,Male
331,Bari,Female
332,Lorinda,Female
333,Marabel,Female
334,Nerissa,Female
335,Heidie,Female
336,Akim,Male
337,Crystal,Female
338,Guilbert,Male
339,Carolyne,Female
340,Emmaline,Female
341,Ginny,Female
342,Bear,Male
343,Bev,Male
344,Ephrem,Male
345,Maggi,Female
346,Rita,Female
347,Ev,Male
348,Sandye,Genderqueer
349,Devi,Female
350,Dorry,Female
351,Dorri,Female
352,Wilmette,Female
353,Francklyn,Male
354,Juliet,Female
355,Emalia,Female
356,Waring,Male
357,Dana,Male
358,Hussein,Male
359,Mella,Female
360,Anna-diana,Female
361,Bram,Male
362,Nobe,Male
363,Keen,Agender
364,Hillery,Male
365,Carolina,Female
366,Belicia,Female
367,Johannes,Male
368,Boyd,Male
369,Patrick,Male
370,Yasmin,Female
371,Marieann,Female
372,Roxane,Female
373,Joane,Female
374,Lilly,Female
375,Jacquette,Female
376,Geoffrey,Male
377,Chloe,Female
378,Madelin,Female
379,Ethyl,Female
380,Hunt,Male
381,Bernie,Female
382,Ingmar,Male
383,Desmond,Male
384,Tarra,Female
385,Flore,Female
386,Rodd,Genderqueer
387,Dorelia,Female
388,Stacia,Female
389,Orel,Genderfluid
390,Edythe,Female
391,Devland,Male
392,Fan,Female
393,Roderigo,Male
394,Heather,Female
395,Allys,Female
396,Rabi,Male
397,Antonetta,Female
398,Jessey,Male
399,Nahum,Genderqueer
400,Mina,Female
401,Yvon,Male
402,Melly,Female
403,Eugenia,Female
404,Baudoin,Male
405,Mayor,Male
406,Cull,Male
407,Michail,Male
408,Alfonse,Male
409,Alan,Male
410,Kendre,Female
411,Wald,Male
412,Cayla,Female
413,Shauna,Female
414,Carine,Female
415,Heida,Polygender
416,Ike,Male
417,Emlyn,Male
418,Eirena,Female
419,Adan,Male
420,Clevey,Male
421,Tanitansy,Female
422,Waldo,Male
423,Frederigo,Male
424,Amity,Female
425,Sean,Male
426,Dunc,Male
427,Danette,Female
428,Ulysses,Male
429,Alvy,Male
430,Fabien,Male
431,Estevan,Male
432,Quent,Male
433,Carin,Female
434,Fredelia,Female
435,Blane,Male
436,Bertram,Male
437,Nell,Female
438,Averyl,Female
439,Tomas,Male
440,Willie,Male
441,Edy,Female
442,Bartlett,Male
443,Minny,Genderqueer
444,Darryl,Female
445,Brad,Male
446,Zed,Male
447,Abagail,Female
448,Colman,Male
449,Ulick,Male
450,Melony,Female
451,Goddart,Male
452,Dayle,Female
453,Ruttger,Male
454,Gallagher,Male
455,Eddi,Female
456,Amelie,Female
457,Jessica,Female
458,Julianne,Female
459,Irwinn,Male
460,Rustie,Agender
461,Beau,Polygender
462,Ignatius,Male
463,Lion,Male
464,Jourdain,Male
465,Martainn,Male
466,Celie,Non-binary
467,Trista,Female
468,Alanson,Male
469,Andris,Male
470,Angelica,Female
471,Odelia,Female
472,Jaquenetta,Female
473,Shaine,Male
474,Gib,Male
475,Terrence,Genderqueer
476,Dalenna,Female
477,Kamila,Female
478,Nikki,Polygender
479,Roarke,Agender
480,Dodie,Female
481,Cassondra,Female
482,Silvano,Male
483,Lynnell,Bigender
484,Phebe,Female
485,Selma,Female
486,Suellen,Bigender
487,Ash,Male
488,Bibby,Female
489,Royall,Male
490,Ofella,Female
491,Kim,Non-binary
492,Dennet,Male
493,Madelena,Female
494,Lana,Female
495,Baudoin,Genderfluid
496,Millisent,Female
497,Norman,Male
498,Hill,Male
499,Alyda,Female
500,Donal,Male
501,Shurlock,Male
502,Daven,Male
503,Fletch,Male
504,Colas,Male
505,Katharyn,Female
506,Goddart,Male
507,Ulrica,Female
508,Gale,Female
509,Gayleen,Female
510,Rosalinda,Non-binary
511,Viva,Agender
512,Riane,Female
513,Karel,Male
514,Erie,Male
515,Cassy,Female
516,Giacomo,Male
517,Herminia,Female
518,Halie,Female
519,Idette,Female
520,Alanah,Female
521,Raleigh,Male
522,Atalanta,Female
523,Trev,Male
524,Benoite,Female
525,Tasha,Female
526,Berta,Genderqueer
527,Thorin,Male
528,Norry,Female
529,Bria,Female
530,Elijah,Male
531,Hirsch,Male
532,Sarge,Male
533,Aline,Female
534,Gino,Male
535,Huntlee,Male
536,Corbet,Male
537,Dorine,Female
538,Constancy,Female
539,Cristin,Female
540,Sansone,Male
541,Aigneis,Female
542,Arlette,Female
543,Rhiamon,Genderfluid
544,Antony,Male
545,Moishe,Male
546,Flemming,Male
547,Terry,Female
548,Meg,Female
549,Alford,Agender
550,Alva,Male
551,Pandora,Female
552,Eldon,Male
553,Marijo,Female
554,Hephzibah,Female
555,Chaddy,Male
556,Terence,Male
557,Romona,Female
558,Durante,Male
559,Pascale,Male
560,Christoforo,Male
561,Faunie,Female
562,Bo,Non-binary
563,Teddie,Female
564,Weylin,Male
565,Matias,Male
566,Genni,Genderqueer
567,Dottie,Female
568,Oliviero,Male
569,Madlen,Female
570,Martynne,Female
571,Caty,Female
572,Devlen,Male
573,Hiram,Non-binary
574,Ilyssa,Female
575,Britni,Female
576,Drugi,Male
577,Ekaterina,Female
578,Richie,Male
579,Anny,Female
580,Marv,Male
581,Muhammad,Male
582,Maegan,Female
583,Sheilah,Female
584,Tamarah,Female
585,Ingemar,Non-binary
586,Ealasaid,Female
587,Ira,Agender
588,Dulcine,Female
589,Gino,Male
590,Yasmin,Female
591,Jeffrey,Male
592,Fredrick,Male
593,Domini,Female
594,Ginnifer,Female
595,Norean,Polygender
596,Rebekah,Female
597,Henrieta,Female
598,Margot,Female
599,Jerri,Male
600,Desiree,Polygender
601,Stevana,Female
602,Aguie,Male
603,Marlee,Female
604,Angelique,Female
605,Jodee,Female
606,Charlton,Male
607,Sheelagh,Genderfluid
608,Frasier,Male
609,Elfrieda,Female
610,Shoshanna,Female
611,Benito,Male
612,Rozamond,Female
613,Nell,Female
614,Joell,Female
615,Leesa,Female
616,Cristobal,Male
617,Xenia,Female
618,Rob,Male
619,Chad,Male
620,Palmer,Male
621,Skipper,Male
622,Napoleon,Male
623,Bronny,Male
624,Berne,Bigender
625,Junina,Female
626,Jefferey,Male
627,Karie,Female
628,Brandy,Agender
629,Florance,Female
630,Farlay,Male
631,Jedd,Male
632,Virginia,Female
633,Grady,Male
634,Jerrie,Male
635,Daryle,Polygender
636,Charles,Male
637,Penny,Male
638,Jasen,Male
639,Rosaleen,Female
640,Buffy,Female
641,Emera,Female
642,Pieter,Male
643,Barnie,Male
644,Brook,Female
645,Fred,Male
646,Cathi,Female
647,Heddie,Female
648,Leisha,Female
649,Claire,Male
650,Viviana,Female
651,Evanne,Female
652,Dukey,Male
653,Kenneth,Male
654,Innis,Male
655,Cordy,Female
656,Ethelda,Female
657,Giana,Polygender
658,Haskell,Male
659,Ruby,Male
660,Janel,Female
661,Queenie,Female
662,Eziechiele,Male
663,Emory,Male
664,Kizzie,Female
665,Bryana,Female
666,Margit,Female
667,Fifine,Female
668,Eba,Female
669,Fraser,Male
670,Sunny,Male
671,Kleon,Male
672,Damon,Polygender
673,Ilka,Female
674,Lolita,Bigender
675,Marlane,Female
676,Camilla,Female
677,Ronnica,Female
678,Lisabeth,Agender
679,Dolley,Female
680,Benedikt,Male
681,Jesse,Male
682,Winfred,Male
683,Ardith,Female
684,Reuven,Male
685,Sibley,Female
686,Nanice,Female
687,Alicea,Female
688,Olga,Female
689,Washington,Male
690,Moshe,Male
691,Veronika,Female
692,Katrina,Female
693,Evered,Male
694,Perice,Male
695,Cristionna,Female
696,Bessy,Female
697,Marleah,Female
698,Sheff,Male
699,Bridie,Female
700,Maris,Female
701,Ernesto,Male
702,Tabbitha,Female
703,Trev,Non-binary
704,Boonie,Male
705,Mateo,Male
706,Norah,Female
707,Bobby,Male
708,Bowie,Male
709,Kerr,Male
710,Vidovic,Bigender
711,Cathie,Female
712,Jess,Female
713,Paola,Female
714,Conny,Male
715,Wendye,Female
716,Cordie,Male
717,Dagny,Male
718,Doug,Male
719,Dane,Male
720,Gregoire,Male
721,Coretta,Female
722,Emile,Male
723,Shandee,Female
724,Fee,Male
725,Mary,Female
726,Friedrick,Male
727,Muffin,Male
728,Pamella,Female
729,Byrom,Male
730,Kennett,Male
731,Bernelle,Female
732,Bobbie,Female
733,Cyrillus,Polygender
734,Yettie,Female
735,Corinna,Female
736,Kylie,Female
737,Hobey,Male
738,Alyson,Female
739,Raymund,Male
740,Celestina,Genderqueer
741,Berny,Polygender
742,Wilt,Male
743,Korie,Female
744,Mariel,Female
745,Ynez,Female
746,Burgess,Male
747,Petronille,Agender
748,Lane,Male
749,Brannon,Male
750,Alyda,Female
751,Marietta,Genderfluid
752,Rubina,Female
753,Janette,Female
754,Cly,Male
755,Mickie,Female
756,Felicle,Female
757,Everard,Male
758,Adrianna,Female
759,Latisha,Female
760,Jamaal,Genderqueer
761,Devonna,Female
762,Willis,Male
763,Mycah,Male
764,Olivette,Female
765,Yvor,Male
766,Ardys,Female
767,Vivienne,Female
768,Kurt,Non-binary
769,Arvie,Male
770,Xymenes,Male
771,Montague,Male
772,Walden,Male
773,Olvan,Male
774,Anabella,Female
775,Noah,Male
776,Khalil,Male
777,Ettore,Male
778,Sharia,Genderqueer
779,Ellerey,Polygender
780,Petr,Male
781,Marcellus,Male
782,Anita,Female
783,Eada,Female
784,Corrie,Female
785,Adelbert,Male
786,Halette,Female
787,Betsey,Female
788,Kenyon,Male
789,Bert,Female
790,Clem,Female
791,Marji,Female
792,Meggi,Female
793,Axe,Male
794,Arlyne,Female
795,Elsinore,Agender
796,Dyanna,Female
797,Bennie,Male
798,Westbrook,Male
799,Dorie,Female
800,Kaile,Female
801,Roldan,Male
802,Annabela,Female
803,Sheela,Female
804,Shamus,Male
805,Marabel,Female
806,Averill,Male
807,Guenna,Female
808,Elysia,Female
809,Jeni,Female
810,Morgen,Bigender
811,Melisenda,Female
812,Morton,Male
813,Jobyna,Female
814,Manuel,Male
815,Adelind,Female
816,Griswold,Male
817,Margarette,Female
818,Pacorro,Male
819,Martie,Female
820,Rosmunda,Female
821,Maureene,Female
822,Jobyna,Female
823,Doro,Female
824,Gerrard,Male
825,Myer,Male
826,Izabel,Female
827,Deb,Female
828,Marlon,Male
829,Ingaberg,Female
830,Granger,Male
831,Bren,Male
832,Averyl,Female
833,Derek,Male
834,Stefan,Male
835,Jerrie,Male
836,Major,Male
837,Emmery,Male
838,Dunstan,Male
839,Toddie,Male
840,Elena,Bigender
841,Cammy,Genderqueer
842,Roselle,Female
843,Lanie,Female
844,Melamie,Female
845,Corie,Female
846,Hoyt,Male
847,Darsie,Female
848,Terence,Male
849,Giavani,Male
850,Nigel,Male
851,Lark,Female
852,Gran,Male
853,Bertrand,Male
854,Olivette,Female
855,Loydie,Male
856,Solomon,Male
857,Sollie,Male
858,Brenden,Male
859,Armand,Male
860,Pablo,Male
861,Diannne,Female
862,Valene,Female
863,Rossy,Male
864,Andras,Male
865,Eric,Male
866,Leopold,Male
867,Robinette,Female
868,Saree,Female
869,Jacklin,Female
870,Kit,Male
871,Antin,Male
872,Frants,Male
873,Cindi,Polygender
874,Cori,Male
875,Trevar,Male
876,Latrina,Female
877,Rachael,Female
878,Kean,Male
879,Markus,Male
880,Leroi,Male
881,Faina,Female
882,Tony,Male
883,Edlin,Male
884,Hubert,Male
885,Dwayne,Male
886,Debbie,Female
887,Jacquie,Female
888,Seymour,Male
889,Renault,Male
890,Hillier,Male
891,Nickey,Male
892,Tobias,Male
893,Peder,Polygender
894,Drusy,Female
895,Ramonda,Female
896,Ceil,Female
897,Milton,Male
898,Yasmeen,Female
899,Gerda,Female
900,Julio,Male
901,Brittan,Female
902,Diannne,Female
903,Stephen,Male
904,Ara,Male
905,Delphine,Female
906,Catherina,Female
907,Stern,Genderqueer
908,Ciro,Male
909,Deanne,Female
910,Shelby,Agender
911,Linnea,Female
912,Cassandra,Female
913,Patton,Male
914,Gannon,Male
915,Mabel,Female
916,Prescott,Male
917,Channa,Female
918,Mile,Male
919,Whitney,Bigender
920,Dianne,Female
921,Karia,Female
922,Robinett,Female
923,Matteo,Male
924,Cristine,Female
925,Florance,Female
926,Jules,Male
927,Erminie,Female
928,Abagail,Female
929,Eachelle,Female
930,Velvet,Female
931,Brien,Male
932,Linus,Male
933,Meggi,Female
934,Moore,Male
935,Ketti,Female
936,Avery,Male
937,Angelika,Female
938,Simona,Female
939,Dorian,Female
940,Gideon,Male
941,Clarisse,Agender
942,Erik,Male
943,Kristin,Female
944,Miguela,Female
945,Vaughan,Male
946,Pearce,Male
947,Alfredo,Male
948,Winonah,Female
949,Agace,Female
950,Emmy,Genderqueer
951,Fernando,Male
952,Mabel,Female
953,Priscilla,Female
954,Shari,Female
955,Clarance,Male
956,Germain,Male
957,Crissie,Female
958,Carling,Male
959,Jereme,Male
960,Emylee,Female
961,Ebony,Female
962,Brod,Male
963,Lorelei,Female
964,Laurent,Male
965,Peyter,Male
966,Salvatore,Polygender
967,Bettina,Female
968,Sharline,Female
969,Bronnie,Male
970,Scotti,Male
971,Timmie,Female
972,Delcine,Female
973,Billy,Female
974,Concordia,Female
975,Brigitte,Female
976,Westley,Male
977,Joaquin,Male
978,Shurlock,Male
979,Valery,Female
980,Claudius,Male
981,Tommy,Female
982,Anatole,Male
983,Bernadene,Female
984,Sibbie,Female
985,Nissa,Female
986,Rocky,Male
987,Wilie,Female
988,Nolan,Male
989,Jaquenette,Female
990,Carlos,Male
991,Skip,Male
992,Abbey,Male
993,Melli,Female
994,Aeriela,Female
995,Cecilla,Female
996,Xavier,Male
997,Jerry,Female
998,Jean,Female
999,Theodore,Male